nome;documento;empresa
YCARO SCHMIDT;11920429999;1 - 1_FLEXIVEL MATRIZ SC
ADONIRAM AMARAL ROCHA;09784735903;20 - 20_EVO SOLUCOES TERMOACUSTICAS
ADRIANA NASS;92035272904;1 - 1_FLEXIVEL MATRIZ SC
ADRIANO AMBROSIO BODNAR;03248759917;1 - 1_FLEXIVEL MATRIZ SC
AFONSO CARLOS DE SOUZA;94863067968;1 - 1_FLEXIVEL MATRIZ SC
ALDO PIAZERA JUNIOR;65256425900;1 - 1_FLEXIVEL MATRIZ SC
ALESSANDRA SCARAVONATTO;05749872904;1 - 1_FLEXIVEL MATRIZ SC
ALEX EDUARDO DE SOUZA;03463121085;1 - 1_FLEXIVEL MATRIZ SC
ALEXANDRE DE CASTRO;15128756866;2 - 2_FLEXIVEL FILIAL MG
ALEXANDRE GNEWUCH;09939727992;1 - 1_FLEXIVEL MATRIZ SC
ALLAN PEDROSO BRANDAO;15643282950;20 - 20_EVO SOLUCOES TERMOACUSTICAS
ALVARO LAZARO DE MORAES;05119174906;2 - 2_FLEXIVEL FILIAL MG
ALYCK RAFAEL GUEDES;09684095988;20 - 20_EVO SOLUCOES TERMOACUSTICAS
AMANDA LOSI DE OLIVEIRA;08376521977;1 - 1_FLEXIVEL MATRIZ SC
AMANDA TARUHN MIOTO;13024790918;1 - 1_FLEXIVEL MATRIZ SC
AMOS DE OLIVEIRA COSTA DIAS;30823666867;1 - 1_FLEXIVEL MATRIZ SC
ANDERSON MATHIAS;08414431909;1 - 1_FLEXIVEL MATRIZ SC
ANDRESSA TALITA SCHULZ PEREIRA;07838487900;1 - 1_FLEXIVEL MATRIZ SC
ANGELA MARIA BATISTA MATTOS;00054351022;1 - 1_FLEXIVEL MATRIZ SC
ANGELA VILMA GADOTTI JUNKES;01744043957;1 - 1_FLEXIVEL MATRIZ SC
ANTONIA DUARTE SILVEIRA GRASSI SILVEIRA;04008240004;1 - 1_FLEXIVEL MATRIZ SC
ARNILDO FERREIRA DE PAULA;07693063900;1 - 1_FLEXIVEL MATRIZ SC
BIANCA ROSADO DE OLIVEIRA FANAL;12486993940;1 - 1_FLEXIVEL MATRIZ SC
BRENDA DE LARA NASCIMENTO;53909502830;1 - 1_FLEXIVEL MATRIZ SC
BRUNA CAROLINE DOS SANTOS RIBEIRO;06046901936;2 - 2_FLEXIVEL FILIAL MG
BRUNO COELHO DE SOUZA;35553941857;20 - 20_EVO SOLUCOES TERMOACUSTICAS
BRUNO HENRIQUE GNEWUCH;09935250911;1 - 1_FLEXIVEL MATRIZ SC
BRUNO RIOS DE SOUZA;10962692794;1 - 1_FLEXIVEL MATRIZ SC
BRUNO VARGES AGUIAR;09945763660;2 - 2_FLEXIVEL FILIAL MG
CAIO PEREIRA DE OLIVEIRA;45335294884;1 - 1_FLEXIVEL MATRIZ SC
CALEB DE SOUZA FLORES;08860338964;20 - 20_EVO SOLUCOES TERMOACUSTICAS
CAMILA CORRÊA;12710450950;1 - 1_FLEXIVEL MATRIZ SC
CAMILA VITÓRIA HORNBURG;14475164940;1 - 1_FLEXIVEL MATRIZ SC
CAMILI CRISTINA DE BRITO;14432108975;1 - 1_FLEXIVEL MATRIZ SC
CARLOS HENRIQUE BODER;07886042956;1 - 1_FLEXIVEL MATRIZ SC
CATIA CRISTINA LINDEMANN;09747100916;1 - 1_FLEXIVEL MATRIZ SC
CINTHIA DAIANE KRUGER GLATZ;04960711906;1 - 1_FLEXIVEL MATRIZ SC
CLEITON DO NASCIMENTO SILVA;32766391819;2 - 2_FLEXIVEL FILIAL MG
CRISTIANE PEREIRA MARTINS GUSMÃO SANTOS;15418409689;2 - 2_FLEXIVEL FILIAL MG
CRISTIANO FLASI;05627665963;1 - 1_FLEXIVEL MATRIZ SC
DANI ALINI BERNER;12441769901;1 - 1_FLEXIVEL MATRIZ SC
DANIEL LUIS DE SOUZA;14439141935;1 - 1_FLEXIVEL MATRIZ SC
DANIELE PAULA DOS SANTOS CARDOSO;16362016793;1 - 1_FLEXIVEL MATRIZ SC
DANIELLY ARAUJO WRONSKI;14553441926;1 - 1_FLEXIVEL MATRIZ SC
DANILO DE CAMPOS;30306999862;1 - 1_FLEXIVEL MATRIZ SC
DAVID EDUARDO MOHR;09522350990;1 - 1_FLEXIVEL MATRIZ SC
DEISIANE SEILER REINHOLD;06475383937;1 - 1_FLEXIVEL MATRIZ SC
DIEGO KOEPP;05383270906;1 - 1_FLEXIVEL MATRIZ SC
DIONE RODRIGO DE SOUZA;08257087963;1 - 1_FLEXIVEL MATRIZ SC
EDERSON CARLOS PEREIRA;07262422928;1 - 1_FLEXIVEL MATRIZ SC
EDILSON SILVA DE ANDRADE;38829851272;1 - 1_FLEXIVEL MATRIZ SC
EDUARDA DALMARCO;11250361923;1 - 1_FLEXIVEL MATRIZ SC
EDUARDO GADOTTI JUNKES;13442815916;1 - 1_FLEXIVEL MATRIZ SC
ELLEN LAIS BRUCH;11310034974;1 - 1_FLEXIVEL MATRIZ SC
EMANUEL LOPES CORTEZ LEITE;04757705441;2 - 2_FLEXIVEL FILIAL MG
EMANUELLE MORA SANTOS DE ARAÚJO;47722966896;1 - 1_FLEXIVEL MATRIZ SC
EMANUELLY GIESE;15856711939;1 - 1_FLEXIVEL MATRIZ SC
ERIC VALENTINO PILONETTO;13134697939;1 - 1_FLEXIVEL MATRIZ SC
FABIANA SCHRAMM FERREIRA;77520050025;1 - 1_FLEXIVEL MATRIZ SC
FABRICI SCHMOELLER;04490148941;1 - 1_FLEXIVEL MATRIZ SC
FELIPE BONECHER;07648591960;1 - 1_FLEXIVEL MATRIZ SC
FELIPE GUIMARÃES;37540662859;1 - 1_FLEXIVEL MATRIZ SC
FERNANDA APARECIDA MIERSCH;08640086940;20 - 20_EVO SOLUCOES TERMOACUSTICAS
FERNANDO ALVES CLAUDINO;09400473907;1 - 1_FLEXIVEL MATRIZ SC
FLAVIO DIAS DA SILVA;27765522892;2 - 2_FLEXIVEL FILIAL MG
FLAVIO MARCELO WASCH;98864238972;1 - 1_FLEXIVEL MATRIZ SC
FRANCIELI MACHADO MARQUES;01251980007;1 - 1_FLEXIVEL MATRIZ SC
GABRIEL FABRICIO DA COSTA;10959969918;1 - 1_FLEXIVEL MATRIZ SC
GABRIEL GUIMARAES SIQUEIRA;48045749806;1 - 1_FLEXIVEL MATRIZ SC
GABRIEL RAÍ DE OLIVEIRA PEREIRA DE SOUZA;13901405984;1 - 1_FLEXIVEL MATRIZ SC
GABRIELA NASCIMENTO;05961546900;1 - 1_FLEXIVEL MATRIZ SC
GABRIELA REINERT;11200469984;1 - 1_FLEXIVEL MATRIZ SC
GABRIELLA GIOVANELLA MOHR;06377410999;1 - 1_FLEXIVEL MATRIZ SC
GABRIELLE KLEMTZ;10398698902;1 - 1_FLEXIVEL MATRIZ SC
GEOVANE MATUCHEWSKI PRAXEDES;08422241900;1 - 1_FLEXIVEL MATRIZ SC
GILSON HORNBURG;82175330915;1 - 1_FLEXIVEL MATRIZ SC
GIOVANA KECIA ROMUALDO MOREIRA;02164731603;2 - 2_FLEXIVEL FILIAL MG
GIOVANA LINO ANTUNES;16248011966;20 - 20_EVO SOLUCOES TERMOACUSTICAS
GIOVANE CAETANO DA SILVA;05430696994;1 - 1_FLEXIVEL MATRIZ SC
GIRLEI GOMES CORREIA;02462700986;1 - 1_FLEXIVEL MATRIZ SC
GISELE CRISTINA DA COSTA BAZOTTI;08927594967;1 - 1_FLEXIVEL MATRIZ SC
GISELLY ARAUJO JARDIM SOUZA;31111795835;1 - 1_FLEXIVEL MATRIZ SC
GUILHERME ANTUNES GADOTTI;09730552940;1 - 1_FLEXIVEL MATRIZ SC
GUILHERME HENRIQUE DE LIMA TOBLER;13454656966;1 - 1_FLEXIVEL MATRIZ SC
GUSTAVO FARIAS SOUZA;12299143904;1 - 1_FLEXIVEL MATRIZ SC
GUSTAVO KINAS VIEIRA;08020209921;1 - 1_FLEXIVEL MATRIZ SC
HELIO TAVARES DE SOUZA;58752277291;1 - 1_FLEXIVEL MATRIZ SC
HELOÁ VITÓRIA LEITE MARQUES;12911559614;2 - 2_FLEXIVEL FILIAL MG
HELOISA MARIA BUDAL DE LIMA TOBLER;07974234946;1 - 1_FLEXIVEL MATRIZ SC
HELTON ZAPELLA;04331601951;1 - 1_FLEXIVEL MATRIZ SC
HENRIQUE FIDELIS ELOY;54125692858;2 - 2_FLEXIVEL FILIAL MG
HIGOR LUIZ DA SILVA ALTERA;11465715690;2 - 2_FLEXIVEL FILIAL MG
ISADORA EWALD KHOURY;14677642729;1 - 1_FLEXIVEL MATRIZ SC
JAIANA APARECIDA MACEDO;00628874910;1 - 1_FLEXIVEL MATRIZ SC
JANAINA MACEDO RIBAS DE SOUZA;11125017970;1 - 1_FLEXIVEL MATRIZ SC
JEAN CARLOS RODRIGUES APOLINARIO;11226440940;1 - 1_FLEXIVEL MATRIZ SC
JEDSON RODRIGO TEIXEIRA;04123033962;1 - 1_FLEXIVEL MATRIZ SC
JEFFERSON DOUGLAS VICCARI PEREIRA;00889604983;1 - 1_FLEXIVEL MATRIZ SC
JESSICA GELSLEICHTER DREWS;06029432990;1 - 1_FLEXIVEL MATRIZ SC
JHONATAN THIBES SCHMITZ;10610813978;1 - 1_FLEXIVEL MATRIZ SC
JOÃO PAULO BOMM;10550668969;1 - 1_FLEXIVEL MATRIZ SC
JOAO PAULO ROCHA DA SILVA;15223595912;20 - 20_EVO SOLUCOES TERMOACUSTICAS
JOÃO PEDRO PAES;45281504843;2 - 2_FLEXIVEL FILIAL MG
JOSE EDUARDO NIEDZIULKA;13857461900;20 - 20_EVO SOLUCOES TERMOACUSTICAS
JOSÉ MARIA ALVES DE OLIVEIRA;04056883858;2 - 2_FLEXIVEL FILIAL MG
JOSE SPERANDIO;49737481968;1 - 1_FLEXIVEL MATRIZ SC
JOSEMAR MIQUELETO;07365678950;1 - 1_FLEXIVEL MATRIZ SC
JOSIANE GUIMARÃES;15018442964;20 - 20_EVO SOLUCOES TERMOACUSTICAS
JUCIMERI APARECIDA RIBEIRO;79126090910;1 - 1_FLEXIVEL MATRIZ SC
JULIA BEATRIZ DE SOUZA;10077965965;1 - 1_FLEXIVEL MATRIZ SC
JULIA LEANDRA MESADRI;13093664977;1 - 1_FLEXIVEL MATRIZ SC
JULIA MAIA SILVA SANTOS;15502345602;2 - 2_FLEXIVEL FILIAL MG
JULIAN MICHAEL FACCIN;05904306962;20 - 20_EVO SOLUCOES TERMOACUSTICAS
JULIANA APARECIDA DA SILVEIRA;25858630855;1 - 1_FLEXIVEL MATRIZ SC
JULIANE KETLYN DA COSTA;01008764981;1 - 1_FLEXIVEL MATRIZ SC
JULIO CESAR REDIVO;04764482983;1 - 1_FLEXIVEL MATRIZ SC
KAREN ADRIANA PECINATO;08361662995;1 - 1_FLEXIVEL MATRIZ SC
KAROLINE MEIRA DA SILVA;09949485908;1 - 1_FLEXIVEL MATRIZ SC
KARYN LANNA HEINZ;05024221907;1 - 1_FLEXIVEL MATRIZ SC
KAUANA DALSOQUIO STINGHEN;09602531908;1 - 1_FLEXIVEL MATRIZ SC
LEANDRO AUGUSTO JORDÃO;09614856718;1 - 1_FLEXIVEL MATRIZ SC
LEANDRO DE PAULA PEREIRA;06656406920;1 - 1_FLEXIVEL MATRIZ SC
LEODATO CHRISTIANO JUNKES;72739444915;1 - 1_FLEXIVEL MATRIZ SC
LEODATO CHRISTIANO JUNKES;72739444915;20 - 20_EVO SOLUCOES TERMOACUSTICAS
LOURENO SCHINKE JUNIOR;05661987978;1 - 1_FLEXIVEL MATRIZ SC
LUAN FERREIRA BUENO;43014515876;2 - 2_FLEXIVEL FILIAL MG
LUANA ELO BRUCH;11310038961;1 - 1_FLEXIVEL MATRIZ SC
LUCAS FELIPE BRAUN;09406054906;1 - 1_FLEXIVEL MATRIZ SC
LUCAS HENRIQUE RADUN;05678594958;1 - 1_FLEXIVEL MATRIZ SC
LUCAS MATEUS DOS SANTOS;43841653820;1 - 1_FLEXIVEL MATRIZ SC
LUCIANA CRISTINA REGINALDO DA SILVA;30848879856;1 - 1_FLEXIVEL MATRIZ SC
LUCIMARI VAZ;06008238907;20 - 20_EVO SOLUCOES TERMOACUSTICAS
LUCINEIA MOURÃO TAVARES DE OLIVEIRA;04378621940;20 - 20_EVO SOLUCOES TERMOACUSTICAS
LUIS GUILHERME JACOBI;08478355960;1 - 1_FLEXIVEL MATRIZ SC
LUISA GABRIELA SANSON;11048596966;1 - 1_FLEXIVEL MATRIZ SC
LUIZ ALEXANDRE SCHNEIDER;82172803987;1 - 1_FLEXIVEL MATRIZ SC
LUIZ FERNANDO DE PONTES DOMINGUES MANCIO;43109363852;1 - 1_FLEXIVEL MATRIZ SC
LUIZ HENRIQUE PANISSON HERBER;12379010900;1 - 1_FLEXIVEL MATRIZ SC
LUIZ RICARDO FORMIGARI STACHESKI;11053174985;1 - 1_FLEXIVEL MATRIZ SC
MAICO ROBERTO MACHADO;04379471900;1 - 1_FLEXIVEL MATRIZ SC
MAIKO FERNANDO NEGHERBON;11477289925;1 - 1_FLEXIVEL MATRIZ SC
MARCELO REIS DO NASCIMENTO;06574030676;2 - 2_FLEXIVEL FILIAL MG
MARCIA DE OLIVEIRA BUERGER;05590357993;20 - 20_EVO SOLUCOES TERMOACUSTICAS
MARCIO GOMES RAMALHO;02282195906;1 - 1_FLEXIVEL MATRIZ SC
MARCO AURELIO FARIAS;04610167964;1 - 1_FLEXIVEL MATRIZ SC
MARIA APARECIDA DOS SANTOS GUIMARAES FISCHER;02684208581;1 - 1_FLEXIVEL MATRIZ SC
MARIA CLARA SOUZA FERREIRA;11243099933;1 - 1_FLEXIVEL MATRIZ SC
MARIA LUIZA CZERNAY RODRIGUES;07022454965;1 - 1_FLEXIVEL MATRIZ SC
MARILEIA DOGE;01028126913;1 - 1_FLEXIVEL MATRIZ SC
MARIO SERGIO DAMAS DE OLIVEIRA;08176151998;1 - 1_FLEXIVEL MATRIZ SC
MARTA LUCIA SOUZA SCHMITZ;05033650920;1 - 1_FLEXIVEL MATRIZ SC
MATEUS HENRIQUE RANGHETTI;09831007999;1 - 1_FLEXIVEL MATRIZ SC
MATEUS PEDRO;10177533935;20 - 20_EVO SOLUCOES TERMOACUSTICAS
MATHEUS GADOTTI JUNKES;08685802954;1 - 1_FLEXIVEL MATRIZ SC
MATHEUS PEREIRA SOARES;43915087882;1 - 1_FLEXIVEL MATRIZ SC
MAURI MARQUARDT;98842439991;1 - 1_FLEXIVEL MATRIZ SC
NATAN MIERSCH DE LIMA;08589079929;20 - 20_EVO SOLUCOES TERMOACUSTICAS
NATHAN ALVES SANTIAGO;12141249929;20 - 20_EVO SOLUCOES TERMOACUSTICAS
NATYELE TRAVALHA;13583122909;20 - 20_EVO SOLUCOES TERMOACUSTICAS
NICOLAS EDUARDO LINDEMANN;12224736908;1 - 1_FLEXIVEL MATRIZ SC
NUBIA BARROS MOREIRA DA SILVA;25708593890;2 - 2_FLEXIVEL FILIAL MG
ODAIR JOSE AMARAL;82116679915;1 - 1_FLEXIVEL MATRIZ SC
OSCAR GOMES PINHO JUNIOR;19150991884;2 - 2_FLEXIVEL FILIAL MG
OSEIAS PIRES DOS SANTOS;02176790995;1 - 1_FLEXIVEL MATRIZ SC
OSMAR NUNES DE OLIVEIRA JUNIOR;08748893757;1 - 1_FLEXIVEL MATRIZ SC
OTACIANO FURTADO DA SILVA;93617950310;1 - 1_FLEXIVEL MATRIZ SC
OZEIA BETZ SANTOS NUNES;01041194978;20 - 20_EVO SOLUCOES TERMOACUSTICAS
PALOMA MARIA WILBERT;10786543957;20 - 20_EVO SOLUCOES TERMOACUSTICAS
PAULO EDUARDO DE AMARAL;00343876922;1 - 1_FLEXIVEL MATRIZ SC
PAULO GILMAR DE MORAES;02222268974;20 - 20_EVO SOLUCOES TERMOACUSTICAS
PAULO HENRIQUE MOREIRA DOS SANTOS;11001689747;1 - 1_FLEXIVEL MATRIZ SC
RAFAEL DOMINGUES DOS SANTOS;08192003957;1 - 1_FLEXIVEL MATRIZ SC
RAFAEL FRANCISCO BARROS;07421500464;20 - 20_EVO SOLUCOES TERMOACUSTICAS
RAFAEL MINSKI SAVANHAGO;05142557905;1 - 1_FLEXIVEL MATRIZ SC
RAILSON CANTUARIA BARROS;76631524253;1 - 1_FLEXIVEL MATRIZ SC
RENAN SCHADECK;05862415904;1 - 1_FLEXIVEL MATRIZ SC
RENATA DE LIMA ALBERTON;09348887955;1 - 1_FLEXIVEL MATRIZ SC
RENATO DA LUZ MACHADO;11982364939;1 - 1_FLEXIVEL MATRIZ SC
RICARDO BUDACH;06630959990;1 - 1_FLEXIVEL MATRIZ SC
RICARDO PEREIRA VOIGT;00934125929;1 - 1_FLEXIVEL MATRIZ SC
ROBSON FUCHTER;08496837939;1 - 1_FLEXIVEL MATRIZ SC
RODRIGO DA SILVA;09514118960;1 - 1_FLEXIVEL MATRIZ SC
RODRIGO JOSE MOLINARI;04067998902;1 - 1_FLEXIVEL MATRIZ SC
ROSEMEIRE TENORIO ARAUJO;15425340893;2 - 2_FLEXIVEL FILIAL MG
ROSENILDA DA SILVA SANTOS;08869551903;20 - 20_EVO SOLUCOES TERMOACUSTICAS
ROVIAN FEIDEN FARIAS;10854640916;1 - 1_FLEXIVEL MATRIZ SC
SANDRIELE STREIT;10625333993;1 - 1_FLEXIVEL MATRIZ SC
SANDRO JOSE MOSCHETA;02460073976;1 - 1_FLEXIVEL MATRIZ SC
SARA ISABELLE BRUCH;09437279950;1 - 1_FLEXIVEL MATRIZ SC
SCHEILA RAQUEL VOELZ JAROCZINSKI;10554511967;20 - 20_EVO SOLUCOES TERMOACUSTICAS
SUELE MENDES LUSTOSA;08298927966;1 - 1_FLEXIVEL MATRIZ SC
TAILINE DE FREITAS;09415701935;1 - 1_FLEXIVEL MATRIZ SC
TALITA MARTINS BARBOSA MONTINI;35599425860;2 - 2_FLEXIVEL FILIAL MG
TALITA SCHIMANSKI;11807587908;1 - 1_FLEXIVEL MATRIZ SC
TAMARA FRANCINE KONELL MATHIAS;08437028930;1 - 1_FLEXIVEL MATRIZ SC
TAMARA SUELEN KOPP;06461834940;1 - 1_FLEXIVEL MATRIZ SC
TASCIANE NEGELSKI BROCA;08036213966;1 - 1_FLEXIVEL MATRIZ SC
TATIANE EVANGELISTA;01012291944;1 - 1_FLEXIVEL MATRIZ SC
TIAGO LUIZ BERRI;04125131961;1 - 1_FLEXIVEL MATRIZ SC
TIFANI FRANCO FERENS;09949454930;1 - 1_FLEXIVEL MATRIZ SC
TIFFANI LOUISE DOS SANTOS SCHWEITZER;07630388900;1 - 1_FLEXIVEL MATRIZ SC
VALDEMIR PEREIRA;12121235906;1 - 1_FLEXIVEL MATRIZ SC
VALDIR HONORIO PERON;92088759972;1 - 1_FLEXIVEL MATRIZ SC
VANESSA THAÍS KLUG;06435135908;1 - 1_FLEXIVEL MATRIZ SC
VICTOR TADEU GUATURA SOARES;05461071929;1 - 1_FLEXIVEL MATRIZ SC
VILMAR CUSTODIO MACHADO;02171831901;1 - 1_FLEXIVEL MATRIZ SC
VITORIA NEGHERBON COLPINI;14233102926;1 - 1_FLEXIVEL MATRIZ SC
VIVIANE ANTONIA RIBEIRO DA SILVA;98893211904;1 - 1_FLEXIVEL MATRIZ SC
VIVIANE HAFEMANN;00868797901;1 - 1_FLEXIVEL MATRIZ SC
WESLEY ANTUNES DE OLIVEIRA;10690297939;20 - 20_EVO SOLUCOES TERMOACUSTICAS
WILLIAN CARLOS CUBAS MÜLLER;07710546960;1 - 1_FLEXIVEL MATRIZ SC
WILLIAN EDUARDO TRENTIN;03308535033;1 - 1_FLEXIVEL MATRIZ SC
WILLYAM POLTRONIERI;07392241907;1 - 1_FLEXIVEL MATRIZ SC
YAGO ALEX DA SILVA;09844543908;1 - 1_FLEXIVEL MATRIZ SC
GAMAVIX COMERCIO DE COMPONENTES PLASTICOS LTDA;11633448000169;1 - 1_FLEXIVEL MATRIZ SC
BM APOIO ADMINISTRATIVO EIRELI;24926252000104;1 - 1_FLEXIVEL MATRIZ SC
ABM SOLUCOES DE NEGOCIOS LTDA;31690908000106;1 - 1_FLEXIVEL MATRIZ SC
MARIA JUNKES 64992594972;33644910000166;1 - 1_FLEXIVEL MATRIZ SC
PARPIZAN ASSESSORIA CONTABIL LTDA;44848360000113;1 - 1_FLEXIVEL MATRIZ SC
CONTROLLER GESTAO EM CONTROLADORIA;46534532000100;1 - 1_FLEXIVEL MATRIZ SC
POLY SERVICE CONSULTORIA QUIMICA LTDA.;48198573000106;1 - 1_FLEXIVEL MATRIZ SC
ALINE BARBOSA MADER LTDA;57283907000122;1 - 1_FLEXIVEL MATRIZ SC
JOAO TORRES SERVICOS ADMINISTRATIVOS LTDA;60252115000103;1 - 1_FLEXIVEL MATRIZ SC
JK SERVICOS EMPRESARIAIS LTDA;61325606000191;1 - 1_FLEXIVEL MATRIZ SC
ETECH CONSULTORIA LTDA;61401339000194;1 - 1_FLEXIVEL MATRIZ SC
FGZ SOLUCOES ESTRATEGICAS DE NEGOCIOS LTDA;63003550000184;1 - 1_FLEXIVEL MATRIZ SC
FRAMETAIL SERVICOS LTDA;63991997000109;1 - 1_FLEXIVEL MATRIZ SC
DV SERVICOS EMPRESARIAIS LTDA;64971951000190;1 - 1_FLEXIVEL MATRIZ SC
